<?xml version="1.0" encoding="UTF-8"?>
<project-private xmlns="http://www.netbeans.org/ns/project-private/1">
    <editor-bookmarks xmlns="http://www.netbeans.org/ns/editor-bookmarks/2" lastBookmarkId="0"/>
    <open-files xmlns="http://www.netbeans.org/ns/projectui-open-files/2">
        <group>
            <file>file:/D:/2024_UPN_S4_PBO/Java/Tugas1_123220106/src/tugas1_123220106/Polymorphism.java</file>
            <file>file:/D:/2024_UPN_S4_PBO/Java/Tugas1_123220106/src/tugas1_123220106/Programmer_Profesional.java</file>
            <file>file:/D:/2024_UPN_S4_PBO/Java/Tugas1_123220106/src/tugas1_123220106/Programmer.java</file>
            <file>file:/D:/2024_UPN_S4_PBO/Java/Tugas1_123220106/src/tugas1_123220106/Programmer_Ahli.java</file>
        </group>
    </open-files>
</project-private>
